naics,soc4,prox,tot_emp,share,wt
11,1910,47.125,330.0,0.11036789297658862,5.201086956521739
11,1940,55.625,260.0,0.08695652173913043,4.83695652173913
11,4110,54.5,30.0,0.010033444816053512,0.5468227424749164
11,4140,48.333333333333336,120.0,0.04013377926421405,1.939799331103679
11,4330,56.0,50.0,0.016722408026755852,0.9364548494983277
11,4360,48.5,60.0,0.020066889632107024,0.9732441471571907
11,4390,53.5,40.0,0.013377926421404682,0.7157190635451505
11,4510,45.5,60.0,0.020066889632107024,0.9130434782608696
11,4520,50.142857142857146,1140.0,0.38127090301003347,19.118012422360252
11,4540,34.0,470.0,0.15719063545150502,5.344481605351171
11,4930,55.266666666666666,40.0,0.013377926421404682,0.7393534002229654
11,5191,55.94444444444444,90.0,0.030100334448160536,1.6839464882943145
11,5330,73.85714285714286,240.0,0.0802675585284281,5.92833253702819
11,5370,47.53333333333333,60.0,0.020066889632107024,0.9538461538461538
21,1110,48.666666666666664,50.0,0.017793594306049824,0.8659549228944247
21,1130,46.07142857142857,40.0,0.014234875444839857,0.6558210472801219
21,1920,42.916666666666664,40.0,0.014234875444839857,0.6109134045077105
21,4330,56.0,80.0,0.028469750889679714,1.594306049822064
21,4351,58.0,40.0,0.014234875444839857,0.8256227758007118
21,4360,48.5,70.0,0.02491103202846975,1.208185053380783
21,4710,74.5,50.0,0.017793594306049824,1.325622775800712
21,4720,69.05882352941177,240.0,0.08540925266903915,5.898262507850116
21,4750,68.63636363636364,950.0,0.33807829181494664,23.20446457457134
21,4930,55.266666666666666,60.0,0.021352313167259787,1.1800711743772243
21,4990,65.84615384615384,150.0,0.05338078291814947,3.514919244456611
21,5110,65.0,50.0,0.017793594306049824,1.1565836298932386
21,5180,60.90909090909091,30.0,0.010676156583629894,0.6502749919120026
21,5190,54.25,330.0,0.11743772241992882,6.370996441281139
21,5310,62.75,80.0,0.028469750889679714,1.786476868327402
21,5330,73.85714285714286,270.0,0.09608540925266904,7.096593797661414
21,5370,47.53333333333333,170.0,0.060498220640569395,2.875682087781732
21,5371,55.5,110.0,0.03914590747330961,2.172597864768683
22,1110,48.666666666666664,180.0,0.024725274725274724,1.2032967032967032
22,1130,46.07142857142857,330.0,0.04532967032967033,2.0884026687598114
22,1190,56.46666666666667,60.0,0.008241758241758242,0.4653846153846154
22,1191,48.1764705882353,80.0,0.01098901098901099,0.5294117647058825
22,1310,52.35,150.0,0.020604395604395604,1.07864010989011
22,1311,49.0,280.0,0.038461538461538464,1.8846153846153848
22,1320,47.333333333333336,110.0,0.01510989010989011,0.7152014652014652
22,1511,47.53846153846154,260.0,0.03571428571428571,1.6978021978021978
22,1720,46.416666666666664,420.0,0.057692307692307696,2.6778846153846154
22,1721,49.36,0.0,0.0,0.0
22,1730,53.964285714285715,180.0,0.024725274725274724,1.3342817896389325
22,4130,54.285714285714285,80.0,0.01098901098901099,0.5965463108320251
22,4310,47.0,80.0,0.01098901098901099,0.5164835164835165
22,4330,56.0,80.0,0.01098901098901099,0.6153846153846154
22,4340,59.333333333333336,260.0,0.03571428571428571,2.119047619047619
22,4350,60.06666666666667,170.0,0.023351648351648352,1.4026556776556778
22,4360,48.5,100.0,0.013736263736263736,0.6662087912087912
22,4390,53.5,130.0,0.017857142857142856,0.9553571428571428
22,4721,66.5,470.0,0.06456043956043957,4.293269230769231
22,4910,69.0,500.0,0.06868131868131869,4.739010989010989
22,4920,63.083333333333336,270.0,0.03708791208791209,2.339629120879121
22,4930,55.266666666666666,90.0,0.012362637362637362,0.6832417582417581
22,4990,65.84615384615384,2020.0,0.2774725274725275,18.270498732037193
22,5110,65.0,130.0,0.017857142857142856,1.1607142857142856
22,5141,52.625,90.0,0.012362637362637362,0.6505837912087912
22,5180,60.90909090909091,710.0,0.09752747252747253,5.94030969030969
22,5370,47.53333333333333,50.0,0.006868131868131868,0.32646520146520147
23,1110,48.666666666666664,1050.0,0.008716586418728208,0.42420720571143944
23,1130,46.07142857142857,210.0,0.0017433172837456417,0.0803171177154242
23,1190,56.46666666666667,3250.0,0.02697991034368255,1.5234656040732748
23,1191,48.1764705882353,40.0,0.00033206043499916984,0.015997499780254124
23,1310,52.35,2670.0,0.02216503403619459,1.1603395317947869
23,1311,49.0,580.0,0.004814876307487963,0.2359289390669102
23,1320,47.333333333333336,800.0,0.006641208699983397,0.31435054513254745
23,1511,47.53846153846154,330.0,0.0027394985887431514,0.13023154829563596
23,1710,48.4,100.0,0.0008301510874979246,0.04017931263489955
23,1720,46.416666666666664,940.0,0.007803420222480492,0.3622087553268028
23,1721,49.36,150.0,0.001245226631246887,0.061464386518346334
23,1730,53.964285714285715,520.0,0.004316785654989208,0.2329522544531676
23,2710,48.36363636363637,30.0,0.0002490453262493774,0.01204473759678807
23,3720,45.666666666666664,70.0,0.0005811057612485472,0.026537163097016987
23,3730,54.666666666666664,30.0,0.0002490453262493774,0.013614477834965963
23,4110,54.5,70.0,0.0005811057612485472,0.03167026398804582
23,4120,69.8,0.0,0.0,0.0
23,4130,54.285714285714285,2340.0,0.019425535447451438,1.0545290671473637
23,4140,48.333333333333336,560.0,0.004648846089988378,0.2246942276827716
23,4190,62.285714285714285,0.0,0.0,0.0
23,4310,47.0,530.0,0.004399800763739001,0.20679063589573302
23,4330,56.0,2740.0,0.022746139797443134,1.2737838286568155
23,4340,59.333333333333336,620.0,0.005146936742487133,0.3053849133875699
23,4341,61.5,320.0,0.0026564834799933587,0.16337373401959157
23,4350,60.06666666666667,340.0,0.0028225136974929436,0.16953898942940948
23,4360,48.5,1030.0,0.008550556201228623,0.4147019757595882
23,4390,53.5,4860.0,0.04034534285239914,2.158475842603354
23,4710,74.5,9170.0,0.07612485472355969,5.6713016769051965
23,4720,69.05882352941177,44150.0,0.3665117051303337,25.310867166059516
23,4721,66.5,24110.0,0.20014942719574963,13.30993690851735
23,4722,74.0,3160.0,0.026232774364934416,1.9412253030051467
23,4730,66.66666666666667,2560.0,0.02125186783994687,1.4167911893297913
23,4740,69.0,480.0,0.003984725219990038,0.2749460401793126
23,4750,68.63636363636364,340.0,0.0028225136974929436,0.19372707650974297
23,4910,69.0,1060.0,0.008799601527478001,0.6071725053959821
23,4920,63.083333333333336,1280.0,0.010625933919973435,0.6703193314516576
23,4930,55.266666666666666,540.0,0.004482815872488793,0.24775029055288064
23,4990,65.84615384615384,6170.0,0.05122032209862195,3.372661208955414
23,5110,65.0,0.0,0.0,0.0
23,5120,62.111111111111114,140.0,0.0011622115224970944,0.07218624900843065
23,5141,52.625,400.0,0.0033206043499916984,0.17474680391831313
23,5170,54.0,0.0,0.0,0.0
23,5330,73.85714285714286,2380.0,0.019757595882450605,1.459239581603852
23,5370,47.53333333333333,340.0,0.0028225136974929436,0.13416348442083126
31,1110,48.666666666666664,1360.0,0.017523515010952197,0.8528110638663402
31,1120,44.75,170.0,0.0021904393763690247,0.09802216209251385
31,1130,46.07142857142857,650.0,0.008375209380234505,0.38585786073223255
31,1131,39.666666666666664,70.0,0.000901945625563716,0.03577717648069406
31,1191,48.1764705882353,30.0,0.00038654812524159255,0.018622524386639076
31,1310,52.35,930.0,0.01198299188248937,0.6273096250483186
31,1311,49.0,350.0,0.00450972812781858,0.2209766782631104
31,1320,47.333333333333336,450.0,0.005798221878623889,0.27444916892153076
31,1511,47.53846153846154,410.0,0.005282824378301765,0.25113734352234546
31,1721,49.36,590.0,0.0076021131297513206,0.3752403040845252
31,1910,47.125,330.0,0.004252029377657518,0.20037688442211055
31,1940,55.625,710.0,0.00914830563071769,0.5088745007086716
31,2710,48.36363636363637,0.0,0.0,0.0
31,3390,68.0,80.0,0.001030795000644247,0.07009406004380879
31,3510,88.0,60.0,0.0007730962504831851,0.06803247004252029
31,3520,62.0,140.0,0.001803891251127432,0.11184125756990078
31,3530,75.16666666666667,790.0,0.010179100631361938,0.7651290641240391
31,3590,74.66666666666667,70.0,0.000901945625563716,0.06734527337542413
31,3720,45.666666666666664,610.0,0.007859811879912382,0.3589314091826654
31,4110,54.5,130.0,0.0016750418760469012,0.09128978224455611
31,4120,69.8,1850.0,0.02383713438989821,1.663831980414895
31,4140,48.333333333333336,1500.0,0.019327406262079627,0.9341579693338486
31,4190,62.285714285714285,0.0,0.0,0.0
31,4310,47.0,230.0,0.0029635356268522097,0.13928617446205385
31,4330,56.0,560.0,0.007215565004509728,0.4040716402525448
31,4340,59.333333333333336,620.0,0.007988661254992913,0.47399390112957956
31,4341,61.5,150.0,0.001932740626207963,0.11886354851178972
31,4350,60.06666666666667,1320.0,0.017008117510630073,1.021620925138513
31,4351,58.0,80.0,0.001030795000644247,0.05978611003736632
31,4360,48.5,150.0,0.001932740626207963,0.0937379203710862
31,4390,53.5,1170.0,0.01507537688442211,0.8065326633165829
31,4510,45.5,30.0,0.00038654812524159255,0.017587939698492462
31,4520,50.142857142857146,330.0,0.004252029377657518,0.2132089016511127
31,4721,66.5,150.0,0.001932740626207963,0.12852725164282955
31,4910,69.0,380.0,0.004896276253060172,0.3378430614611519
31,4990,65.84615384615384,4800.0,0.061847700038654814,4.07243317177604
31,5110,65.0,3580.0,0.046128076278830046,2.998324958123953
31,5120,62.111111111111114,830.0,0.010694498131684061,0.664247161734599
31,5130,64.85714285714286,16250.0,0.20938023450586266,13.579803780808808
31,5141,52.625,0.0,0.0,0.0
31,5151,51.0,140.0,0.001803891251127432,0.09199845380749903
31,5160,52.857142857142854,1630.0,0.02100244813812653,1.110129401586688
31,5180,60.90909090909091,30.0,0.00038654812524159255,0.02354429490107882
31,5190,54.25,6310.0,0.08130395567581497,4.410739595412962
31,5191,55.94444444444444,17680.0,0.22780569514237856,12.744463056020845
31,5310,62.75,200.0,0.0025769875016106174,0.16170596572606624
31,5330,73.85714285714286,1040.0,0.01340033500837521,0.9897104570471406
31,5370,47.53333333333333,8670.0,0.11171240819482026,5.310063136193789
32,1110,48.666666666666664,3270.0,0.025435594275046672,1.2378655880522713
32,1120,44.75,200.0,0.0015556938394523958,0.06961729931549471
32,1130,46.07142857142857,1190.0,0.009256378344741755,0.426454573739888
32,1131,39.666666666666664,150.0,0.0011667703795892968,0.04628189172370877
32,1190,56.46666666666667,160.0,0.0012445550715619166,0.07027587637419623
32,1191,48.1764705882353,190.0,0.001477909147479776,0.07120044657564333
32,1310,52.35,2710.0,0.021079651524579964,1.1035197573117612
32,1311,49.0,810.0,0.006300560049782203,0.3087274424393279
32,1320,47.333333333333336,1030.0,0.008011823273179838,0.379226301597179
32,1511,47.53846153846154,1040.0,0.008089607965152458,0.38456751711263226
32,1720,46.416666666666664,250.0,0.0019446172993154947,0.09026265297656087
32,1721,49.36,2920.0,0.02271313005600498,1.1211200995644057
32,1730,53.964285714285715,380.0,0.002955818294959552,0.1595086229887101
32,1910,47.125,320.0,0.002489110143123833,0.11729931549471063
32,1920,42.916666666666664,910.0,0.0070784069695084,0.30378163244140216
32,1940,55.625,640.0,0.004978220286247666,0.27691350342252646
32,2710,48.36363636363637,1190.0,0.009256378344741755,0.44767211630932857
32,3720,45.666666666666664,540.0,0.004200373366521469,0.1918170504044804
32,4110,54.5,160.0,0.0012445550715619166,0.06782825140012445
32,4120,69.8,0.0,0.0,0.0
32,4130,54.285714285714285,200.0,0.0015556938394523958,0.08445195128455862
32,4140,48.333333333333336,4990.0,0.038814561294337274,1.8760371292263016
32,4310,47.0,660.0,0.005133789670192906,0.2412881144990666
32,4330,56.0,1350.0,0.01050093341630367,0.5880522713130055
32,4340,59.333333333333336,2740.0,0.02131300560049782,1.2645716656295374
32,4341,61.5,30.0,0.00023335407591785936,0.01435127566894835
32,4350,60.06666666666667,4700.0,0.0365588052271313,2.195965567309687
32,4360,48.5,190.0,0.001477909147479776,0.07167859365276913
32,4390,53.5,1990.0,0.015479153702551337,0.8281347230864965
32,4540,34.0,130.0,0.0010112009956440573,0.03438083385189795
32,4710,74.5,70.0,0.0005444928438083386,0.04056471686372122
32,4720,69.05882352941177,530.0,0.004122588674548849,0.28470112376002055
32,4721,66.5,260.0,0.0020224019912881146,0.13448973242065962
32,4910,69.0,500.0,0.0038892345986309895,0.26835718730553826
32,4930,55.266666666666666,90.0,0.0007000622277535781,0.03869010578718109
32,4990,65.84615384615384,6500.0,0.05056004978220286,3.3291848164281266
32,5110,65.0,6420.0,0.0499377722464219,3.2459551960174235
32,5120,62.111111111111114,5650.0,0.04394835096453018,2.7296809099080415
32,5140,56.611111111111114,11560.0,0.08991910392034848,5.0904203830463945
32,5141,52.625,200.0,0.0015556938394523958,0.08186838830118233
32,5151,51.0,12920.0,0.10049782202862477,5.125388923459863
32,5160,52.857142857142854,300.0,0.0023335407591785935,0.12334429727086851
32,5170,54.0,5920.0,0.04604853764779091,2.4866210329807092
32,5180,60.90909090909091,330.0,0.002566894835096453,0.15634723086496577
32,5190,54.25,13600.0,0.10578718108276292,5.738954573739888
32,5191,55.94444444444444,17110.0,0.13308960796515246,7.4456241789393625
32,5310,62.75,250.0,0.0019446172993154947,0.12202473553204729
32,5330,73.85714285714286,2450.0,0.019057249533291847,1.407514001244555
32,5370,47.53333333333333,8810.0,0.06852831362787803,3.257379174445136
32,5371,55.5,50.0,0.00038892345986309894,0.021585252022401993
33,1110,48.666666666666664,3030.0,0.012937660119555935,0.6296327924850554
33,1120,44.75,1140.0,0.0048676345004269855,0.2178266438941076
33,1130,46.07142857142857,6900.0,0.02946199829205807,1.3573563498841037
33,1131,39.666666666666664,280.0,0.0011955593509820667,0.047423854255621976
33,1190,56.46666666666667,1950.0,0.008326216908625107,0.4701537147736977
33,1191,48.1764705882353,60.0,0.00025619128949615715,0.012342392123373689
33,1310,52.35,6290.0,0.02685738684884714,1.4059842015371478
33,1311,49.0,1620.0,0.006917164816396242,0.3389410760034159
33,1320,47.333333333333336,2360.0,0.010076857386848848,0.4769712496441788
33,1511,47.53846153846154,5080.0,0.021690862510674636,1.0311502331997635
33,1520,38.833333333333336,0.0,0.0,0.0
33,1720,46.416666666666664,2190.0,0.009350982066609736,0.43404141759180187
33,1721,49.36,13530.0,0.05777113578138343,2.851583262169086
33,1730,53.964285714285715,3830.0,0.016353543979504698,0.8825073197511285
33,2710,48.36363636363637,420.0,0.0017933390264730999,0.08673239655306265
33,2730,51.6,140.0,0.0005977796754910333,0.03084543125533732
33,3720,45.666666666666664,840.0,0.0035866780529461998,0.16379163108454312
33,4110,54.5,1060.0,0.004526046114432109,0.24666951323654995
33,4120,69.8,80.0,0.0003415883859948762,0.023842869342442355
33,4140,48.333333333333336,6380.0,0.027241673783091374,1.3166808995160832
33,4190,62.285714285714285,180.0,0.0007685738684884714,0.047871172380139076
33,4310,47.0,1280.0,0.005465414175918019,0.25687446626814686
33,4330,56.0,2160.0,0.009222886421861656,0.5164816396242528
33,4340,59.333333333333336,2760.0,0.011784799316823228,0.6992314261315116
33,4341,61.5,1150.0,0.004910333048676345,0.30198548249359525
33,4350,60.06666666666667,4870.0,0.020794192997438087,1.2490378593794478
33,4360,48.5,620.0,0.00264730999146029,0.1283945345858241
33,4390,53.5,3730.0,0.015926558497011103,0.852070879590094
33,4720,69.05882352941177,250.0,0.001067463706233988,0.07371778771286482
33,4721,66.5,320.0,0.0013663535439795047,0.09086251067463706
33,4722,74.0,360.0,0.0015371477369769428,0.11374893253629377
33,4910,69.0,1050.0,0.0044833475661827495,0.3093509820666097
33,4930,55.266666666666666,70.0,0.00029888983774551667,0.016518645032735556
33,4990,65.84615384615384,8050.0,0.03437233134073441,2.2632858175129735
33,5110,65.0,11660.0,0.0497865072587532,3.236122971818958
33,5120,62.111111111111114,44140.0,0.18847139197267293,11.706167568080463
33,5140,56.611111111111114,30620.0,0.13074295473953887,7.401503937755006
33,5141,52.625,19130.0,0.08168232280102476,4.298532237403928
33,5160,52.857142857142854,500.0,0.002134927412467976,0.11284616323045016
33,5170,54.0,3790.0,0.01618274978650726,0.873868488471392
33,5190,54.25,8440.0,0.036037574722459435,1.9550384286934244
33,5191,55.94444444444444,20790.0,0.08877028181041845,4.966204099060632
33,5310,62.75,300.0,0.0012809564474807857,0.0803800170794193
33,5330,73.85714285714286,1100.0,0.004696840307429547,0.34689520556301084
33,5370,47.53333333333333,9700.0,0.041417591801878734,1.9687161969826357
42,1110,48.666666666666664,3180.0,0.027061526678580545,1.3169942983575864
42,1120,44.75,1280.0,0.010892689983831163,0.4874478767764445
42,1130,46.07142857142857,1100.0,0.009360905454854906,0.4312702870272439
42,1131,39.666666666666664,100.0,0.0008509914049868097,0.03375599239781012
42,1190,56.46666666666667,170.0,0.0014466853884775764,0.08168950160270048
42,1191,48.1764705882353,340.0,0.0028933707769551527,0.13939239213683943
42,1310,52.35,2420.0,0.020593992000680794,1.0780954812356396
42,1311,49.0,1940.0,0.016509233256744107,0.8089524295804612
42,1320,47.333333333333336,1280.0,0.010892689983831163,0.5155873259013417
42,1511,47.53846153846154,2640.0,0.022466173091651775,1.0680073054339074
42,1520,38.833333333333336,30.0,0.0002552974214960429,0.009914049868096334
42,1720,46.416666666666664,210.0,0.0017870819504723003,0.08295038720108927
42,1721,49.36,1380.0,0.011743681388817973,0.5796681133520551
42,1730,53.964285714285715,270.0,0.002297676793464386,0.12399248696159598
42,1910,47.125,160.0,0.0013615862479788954,0.06416475193600545
42,1940,55.625,200.0,0.0017019828099736193,0.09467279380478258
42,2710,48.36363636363637,1360.0,0.01157348310782061,0.5597357284873241
42,2730,51.6,40.0,0.00034039656199472384,0.01756446259892775
42,2910,85.46666666666667,50.0,0.00042549570249340483,0.036365699373103
42,2911,88.08695652173913,0.0,0.0,0.0
42,2920,83.39285714285714,160.0,0.0013615862479788954,0.11354656746538287
42,3520,62.0,0.0,0.0,0.0
42,3720,45.666666666666664,390.0,0.0033188664794485574,0.15156156922815078
42,3730,54.666666666666664,190.0,0.0016168836694749383,0.0883896405979633
42,4110,54.5,2040.0,0.017360224661730917,0.9461322440643349
42,4120,69.8,2560.0,0.021785379967662326,1.5206195217428302
42,4140,48.333333333333336,22300.0,0.18977108331205855,9.172269026749497
42,4190,62.285714285714285,740.0,0.006297336396902391,0.39223409557849176
42,4310,47.0,1720.0,0.014637052165773125,0.6879414517913369
42,4330,56.0,3170.0,0.026976427538081865,1.5106799421325845
42,4340,59.333333333333336,5830.0,0.049612798910731004,2.9436927353700395
42,4341,61.5,1130.0,0.00961620287635095,0.5913964768955834
42,4350,60.06666666666667,2650.0,0.022551272232150456,1.3545797520778375
42,4351,58.0,40.0,0.00034039656199472384,0.019743000595693984
42,4360,48.5,300.0,0.0025529742149604288,0.1238192494255808
42,4390,53.5,5510.0,0.04688962641477321,2.5085950131903667
42,4391,52.0,110.0,0.0009360905454854906,0.048676708365245513
42,4510,45.5,40.0,0.00034039656199472384,0.015488043570759934
42,4520,50.142857142857146,1030.0,0.008765211471364139,0.4395127466355447
42,4710,74.5,50.0,0.00042549570249340483,0.03169942983575866
42,4720,69.05882352941177,110.0,0.0009360905454854906,0.0646453117882333
42,4721,66.5,130.0,0.0011062888264828526,0.0735682069611097
42,4910,69.0,880.0,0.007488724363883925,0.5167219811079908
42,4920,63.083333333333336,1360.0,0.01157348310782061,0.7300938927183502
42,4930,55.266666666666666,3870.0,0.03293336737298953,1.8201174368138882
42,4990,65.84615384615384,4480.0,0.03812441494340907,2.51034609165832
42,5110,65.0,700.0,0.005956939834907668,0.38720108926899843
42,5120,62.111111111111114,1820.0,0.015488043570759936,0.9619795951172005
42,5130,64.85714285714286,760.0,0.006467534677899753,0.41946582053806974
42,5140,56.611111111111114,630.0,0.005361245851416901,0.3035060845885457
42,5141,52.625,390.0,0.0033188664794485574,0.17465534848098033
42,5151,51.0,40.0,0.00034039656199472384,0.017360224661730917
42,5160,52.857142857142854,80.0,0.0006807931239894477,0.035984779410870804
42,5170,54.0,180.0,0.0015317845289762573,0.0827163645647179
42,5190,54.25,1150.0,0.009786401157348312,0.5309122627861459
42,5191,55.94444444444444,1280.0,0.010892689983831163,0.6093854896509989
42,5310,62.75,1700.0,0.014466853884775763,0.9077950812696791
42,5330,73.85714285714286,10960.0,0.09326865798655433,6.888556597006941
42,5360,60.75,0.0,0.0,0.0
42,5370,47.53333333333333,18880.0,0.16066717726150967,7.637046492497093
44,1110,48.666666666666664,2700.0,0.014185142376799412,0.6903435956709048
44,1120,44.75,480.0,0.0025218030892087844,0.1128506882420931
44,1130,46.07142857142857,120.0,0.0006304507723021961,0.029045767723922606
44,1190,56.46666666666667,160.0,0.0008406010297362615,0.04746593814577423
44,1191,48.1764705882353,740.0,0.003887779762530209,0.18729950738307302
44,1310,52.35,790.0,0.00415046758432279,0.21727697803929807
44,1311,49.0,420.0,0.0022065777030576862,0.10812230744982662
44,1320,47.333333333333336,760.0,0.0039928548912472415,0.1889951315190361
44,1511,47.53846153846154,40.0,0.00021015025743406537,0.009990219930327109
44,1730,53.964285714285715,60.0,0.00031522538615109805,0.017010912802653898
44,2710,48.36363636363637,770.0,0.004045392455605758,0.19564988967111485
44,2910,85.46666666666667,2480.0,0.013029315960912053,1.1135722041259501
44,2911,88.08695652173913,40.0,0.00021015025743406537,0.0185114965896268
44,2920,83.39285714285714,4370.0,0.02295891562467164,1.9146095708431528
44,3190,80.2,410.0,0.00215404013869917,0.17275401912367344
44,3390,68.0,60.0,0.00031522538615109805,0.021435326258274667
44,3510,88.0,680.0,0.003572554376379111,0.31438478512136175
44,3520,62.0,2780.0,0.014605442891667542,0.9055374592833876
44,3530,75.16666666666667,5220.0,0.02742460859514553,2.0614164127351056
44,3590,74.66666666666667,40.0,0.00021015025743406537,0.01569121922174355
44,3720,45.666666666666664,690.0,0.0036250919407376275,0.16554586529368498
44,3730,54.666666666666664,70.0,0.00036776295050961437,0.02010437462785892
44,3950,92.16666666666667,120.0,0.0006304507723021961,0.05810654618051908
44,4110,54.5,10260.0,0.05390354103183776,2.937742986235158
44,4120,69.8,88310.0,0.4639592308500578,32.384354313334036
44,4130,54.285714285714285,2780.0,0.014605442891667542,0.7928668998333808
44,4140,48.333333333333336,800.0,0.004203005148681307,0.20314524885292984
44,4190,62.285714285714285,370.0,0.0019438898812651046,0.12107656974736937
44,4310,47.0,2010.0,0.010560050436061784,0.49632237049490385
44,4330,56.0,3890.0,0.020437112535462855,1.14447830198592
44,4340,59.333333333333336,3130.0,0.016444257644215615,0.9756926202234599
44,4341,61.5,670.0,0.003520016812020595,0.21648103393926657
44,4350,60.06666666666667,1240.0,0.006514657980456026,0.391313789359392
44,4360,48.5,730.0,0.0038352421981716926,0.1860092466113271
44,4390,53.5,2560.0,0.013449616475780184,0.7195544814542398
44,4391,52.0,40.0,0.00021015025743406537,0.0109278133865714
44,4520,50.142857142857146,290.0,0.0015235893663969738,0.0763971239436197
44,4710,74.5,0.0,0.0,0.0
44,4720,69.05882352941177,350.0,0.0018388147525480718,0.12698638349949626
44,4910,69.0,920.0,0.004833455920983503,0.3335084585478617
44,4920,63.083333333333336,910.0,0.004780918356624987,0.30159626633042624
44,4930,55.266666666666666,10720.0,0.05632026899232952,3.1126335329760777
44,4990,65.84615384615384,1120.0,0.00588420720815383,0.38745241309074446
44,5110,65.0,200.0,0.0010507512871703267,0.06829883366607124
44,5120,62.111111111111114,70.0,0.00036776295050961437,0.022842165481652715
44,5130,64.85714285714286,4350.0,0.022853840495954608,1.4822347978804846
44,5160,52.857142857142854,0.0,0.0,0.0
44,5190,54.25,400.0,0.0021015025743406535,0.11400651465798045
44,5191,55.94444444444444,0.0,0.0,0.0
44,5310,62.75,590.0,0.003099716297152464,0.1945071976463171
44,5330,73.85714285714286,4850.0,0.025480718713880423,1.88193308215374
44,5360,60.75,730.0,0.0038352421981716926,0.2329909635389303
44,5370,47.53333333333333,24050.0,0.1263528422822318,6.005971769815417
45,1110,48.666666666666664,1000.0,0.01051745898190997,0.5118496704529518
45,1120,44.75,50.0,0.0005258729490954985,0.023532814472023558
45,1130,46.07142857142857,80.0,0.0008413967185527977,0.038764348819039604
45,1191,48.1764705882353,0.0,0.0,0.0
45,1310,52.35,610.0,0.0064156499789650824,0.33585927639882207
45,1311,49.0,380.0,0.0039966344131257886,0.19583508624316365
45,1320,47.333333333333336,80.0,0.0008413967185527977,0.039826111344832424
45,1511,47.53846153846154,460.0,0.004838031131678587,0.22999255687518205
45,2530,79.0,70.0,0.000736222128733698,0.05816154816996214
45,2710,48.36363636363637,840.0,0.008834665544804375,0.4272765518032662
45,2910,85.46666666666667,0.0,0.0,0.0
45,2920,83.39285714285714,1040.0,0.01093815734118637,0.912164192559649
45,3310,74.25,0.0,0.0,0.0
45,3390,68.0,280.0,0.002944888514934792,0.20025241901556584
45,3520,62.0,170.0,0.001787968026924695,0.11085401766933109
45,3530,75.16666666666667,530.0,0.005574253260412284,0.41899803674099007
45,3720,45.666666666666664,680.0,0.00715187210769878,0.3266021595849109
45,3910,83.25,100.0,0.001051745898190997,0.0875578460244005
45,3920,64.0,540.0,0.005679427850231384,0.3634833824148086
45,3950,92.16666666666667,1130.0,0.011884728649558267,1.0953758238676203
45,4110,54.5,6690.0,0.0703618005889777,3.834718132099285
45,4120,69.8,45850.0,0.48222549432057216,33.659339503575936
45,4130,54.285714285714285,0.0,0.0,0.0
45,4140,48.333333333333336,510.0,0.005363904080774085,0.2592553639040808
45,4190,62.285714285714285,690.0,0.00725704669751788,0.4520103371596851
45,4310,47.0,480.0,0.005048380311316786,0.23727387463188893
45,4330,56.0,1390.0,0.01461926798485486,0.8186790071518721
45,4340,59.333333333333336,7880.0,0.08287757677745057,4.917402888795401
45,4341,61.5,1150.0,0.012095077829196466,0.7438472864955826
45,4350,60.06666666666667,770.0,0.008098443416070676,0.4864465011919787
45,4360,48.5,140.0,0.001472444257467396,0.0714135464871687
45,4390,53.5,980.0,0.010307109802271772,0.5514303744215397
45,4910,69.0,100.0,0.001051745898190997,0.0725704669751788
45,4920,63.083333333333336,190.0,0.0019983172065628943,0.1260605104473426
45,4930,55.266666666666666,130.0,0.0013672696676482962,0.0755644369653625
45,4990,65.84615384615384,1090.0,0.011464030290281868,0.7548623021908676
45,5110,65.0,60.0,0.0006310475389145982,0.04101809002944888
45,5120,62.111111111111114,70.0,0.000736222128733698,0.045727574440237465
45,5130,64.85714285714286,170.0,0.001787968026924695,0.11596249774625879
45,5160,52.857142857142854,0.0,0.0,0.0
45,5190,54.25,80.0,0.0008413967185527977,0.04564577198148927
45,5310,62.75,300.0,0.003155237694572991,0.19799116533445518
45,5330,73.85714285714286,1520.0,0.015986537652503154,1.1807199951920186
45,5360,60.75,260.0,0.0027345393352965924,0.166123264619268
45,5370,47.53333333333333,16540.0,0.17395877156079093,8.268840274856261
48,1110,48.666666666666664,350.0,0.005233253588516747,0.2546850079744817
48,1130,46.07142857142857,590.0,0.008821770334928229,0.4064315618591934
48,1191,48.1764705882353,140.0,0.0020933014354066986,0.10084787503518154
48,1310,52.35,640.0,0.009569377990430622,0.500956937799043
48,1311,49.0,240.0,0.0035885167464114833,0.17583732057416268
48,1320,47.333333333333336,280.0,0.004186602870813397,0.19816586921850082
48,1940,55.625,150.0,0.002242822966507177,0.12475702751196172
48,3110,90.25,50.0,0.0007476076555023923,0.06747159090909091
48,3390,68.0,210.0,0.0031399521531100478,0.21351674641148324
48,3970,62.5,70.0,0.0010466507177033493,0.06541566985645933
48,4130,54.285714285714285,480.0,0.007177033492822967,0.38961038961038963
48,4310,47.0,330.0,0.004934210526315789,0.2319078947368421
48,4330,56.0,1450.0,0.021680622009569377,1.214114832535885
48,4340,59.333333333333336,960.0,0.014354066985645933,0.8516746411483254
48,4341,61.5,480.0,0.007177033492822967,0.44138755980861244
48,4350,60.06666666666667,2800.0,0.041866028708133975,2.514752791068581
48,4360,48.5,690.0,0.010316985645933014,0.5003738038277512
48,4390,53.5,940.0,0.014055023923444977,0.7519437799043063
48,4740,69.0,60.0,0.0008971291866028708,0.06190191387559809
48,4750,68.63636363636364,0.0,0.0,0.0
48,4910,69.0,290.0,0.004336124401913876,0.2991925837320574
48,4920,63.083333333333336,60.0,0.0008971291866028708,0.056593899521531106
48,4930,55.266666666666666,3050.0,0.04560406698564593,2.5203847687400316
48,4990,65.84615384615384,110.0,0.001644736842105263,0.10829959514170039
48,5110,65.0,30.0,0.0004485645933014354,0.0291566985645933
48,5141,52.625,0.0,0.0,0.0
48,5310,62.75,1630.0,0.02437200956937799,1.5293436004784688
48,5320,81.6,220.0,0.003289473684210526,0.2684210526315789
48,5330,73.85714285714286,44990.0,0.6726973684210527,49.683505639097746
48,5340,52.833333333333336,1970.0,0.02945574162679426,1.5562450159489634
48,5360,60.75,60.0,0.0008971291866028708,0.054500598086124404
48,5370,47.53333333333333,3560.0,0.053229665071770335,2.53018341307815
49,1110,48.666666666666664,140.0,0.004201680672268907,0.2044817927170868
49,1130,46.07142857142857,320.0,0.009603841536614645,0.4424626993654604
49,1191,48.1764705882353,360.0,0.010804321728691477,0.5205140879881365
49,1310,52.35,140.0,0.004201680672268907,0.2199579831932773
49,1311,49.0,30.0,0.000900360144057623,0.04411764705882353
49,1320,47.333333333333336,60.0,0.001800720288115246,0.08523409363745499
49,1511,47.53846153846154,110.0,0.0033013205282112846,0.1569396989565057
49,1730,53.964285714285715,80.0,0.0024009603841536613,0.12956611215914937
49,3390,68.0,40.0,0.0012004801920768306,0.08163265306122448
49,3720,45.666666666666664,320.0,0.009603841536614645,0.4385754301720688
49,4130,54.285714285714285,150.0,0.004501800720288115,0.24438346767278338
49,4310,47.0,470.0,0.014105642256902761,0.6629651860744298
49,4330,56.0,80.0,0.0024009603841536613,0.13445378151260504
49,4340,59.333333333333336,390.0,0.0117046818727491,0.6944777911164466
49,4341,61.5,40.0,0.0012004801920768306,0.07382953181272509
49,4350,60.06666666666667,11400.0,0.34213685474189676,20.551020408163268
49,4351,58.0,110.0,0.0033013205282112846,0.1914765906362545
49,4360,48.5,140.0,0.004201680672268907,0.20378151260504201
49,4390,53.5,100.0,0.003001200480192077,0.16056422569027612
49,4720,69.05882352941177,0.0,0.0,0.0
49,4910,69.0,100.0,0.003001200480192077,0.20708283313325332
49,4930,55.266666666666666,130.0,0.0039015606242496998,0.21562625050020007
49,4990,65.84615384615384,580.0,0.017406962785114045,1.146181549542894
49,5110,65.0,70.0,0.0021008403361344537,0.13655462184873948
49,5190,54.25,40.0,0.0012004801920768306,0.06512605042016806
49,5310,62.75,1380.0,0.04141656662665066,2.598889555822329
49,5330,73.85714285714286,6230.0,0.1869747899159664,13.809423769507804
49,5370,47.53333333333333,10310.0,0.30942376950780315,14.70794317727091
51,1110,48.666666666666664,760.0,0.023464032108675516,1.1419162292888752
51,1120,44.75,280.0,0.0086446434084594,0.38684779252855817
51,1130,46.07142857142857,910.0,0.028095091077493053,1.2943809817845013
51,1191,48.1764705882353,70.0,0.00216116085211485,0.10411710222835661
51,1310,52.35,330.0,0.01018832973139858,0.5333590614387157
51,1311,49.0,850.0,0.026242667489966037,1.2858907070083359
51,1320,47.333333333333336,650.0,0.020067922198209322,0.9498816507152413
51,1511,47.53846153846154,6440.0,0.1988267983945662,9.451920108295532
51,1720,46.416666666666664,220.0,0.006792219820932387,0.31527220335494494
51,2310,48.2,0.0,0.0,0.0
51,2710,48.36363636363637,530.0,0.016363075023155295,0.7913778102107834
51,2720,69.93333333333334,930.0,0.028712565606668725,2.0079654214263662
51,2730,51.6,2460.0,0.0759493670886076,3.918987341772152
51,2740,61.0,680.0,0.020994133991972832,1.2806421735103428
51,3510,88.0,50.0,0.0015436863229391787,0.13584439641864773
51,3530,75.16666666666667,780.0,0.024081506637851188,1.8101265822784811
51,3720,45.666666666666664,40.0,0.001234949058351343,0.05639600699804466
51,3910,83.25,250.0,0.007718431614695894,0.6425594319234331
51,3930,73.71428571428571,1370.0,0.0422970052485335,3.1178935297490407
51,4110,54.5,370.0,0.011423278789749922,0.6225686940413707
51,4120,69.8,0.0,0.0,0.0
51,4130,54.285714285714285,3580.0,0.1105279407224452,6.000088210647025
51,4140,48.333333333333336,910.0,0.028095091077493053,1.357929402078831
51,4190,62.285714285714285,0.0,0.0,0.0
51,4310,47.0,550.0,0.016980549552330967,0.7980858289595555
51,4330,56.0,740.0,0.022846557579499844,1.2794072244519912
51,4340,59.333333333333336,3980.0,0.12287743130595863,7.290727590820212
51,4341,61.5,0.0,0.0,0.0
51,4350,60.06666666666667,90.0,0.002778635381290522,0.16690336523618401
51,4360,48.5,90.0,0.002778635381290522,0.13476381599259032
51,4390,53.5,850.0,0.026242667489966037,1.403982710713183
51,4910,69.0,200.0,0.006174745291756715,0.4260574251312133
51,4920,63.083333333333336,1950.0,0.06020376659462797,3.7978542760111145
51,4990,65.84615384615384,540.0,0.01667181228774313,1.0977747167929321
51,5110,65.0,60.0,0.0018524235875270144,0.12040753318925594
51,5151,51.0,520.0,0.01605433775856746,0.8187712256869405
51,5310,62.75,0.0,0.0,0.0
51,5330,73.85714285714286,270.0,0.008335906143871565,0.615666210911657
51,5370,47.53333333333333,90.0,0.002778635381290522,0.13207780179067613
52,1110,48.666666666666664,1430.0,0.012045148247978437,0.5861972147349506
52,1120,44.75,710.0,0.005980458221024259,0.26762550539083557
52,1130,46.07142857142857,3700.0,0.03116576819407008,1.4358514632268
52,1131,39.666666666666664,350.0,0.00294811320754717,0.11694182389937106
52,1191,48.1764705882353,1120.0,0.009433962264150943,0.4544950055493896
52,1310,52.35,6970.0,0.05870956873315364,3.0734459231805933
52,1311,49.0,5970.0,0.050286388140161724,2.4640330188679243
52,1320,47.333333333333336,18920.0,0.159366576819407,7.543351302785265
52,1511,47.53846153846154,8210.0,0.06915431266846361,3.287489633008501
52,1520,38.833333333333336,1110.0,0.009349730458221024,0.36308119946091644
52,1721,49.36,40.0,0.00033692722371967657,0.016630727762803235
52,2310,48.2,410.0,0.0034535040431266846,0.16645889487870622
52,2320,50.0,240.0,0.0020215633423180594,0.10107816711590296
52,2710,48.36363636363637,150.0,0.001263477088948787,0.06110634648370497
52,2730,51.6,50.0,0.0004211590296495957,0.021731805929919138
52,2911,88.08695652173913,780.0,0.006570080862533693,0.5787384272823157
52,2920,83.39285714285714,30.0,0.0002526954177897574,0.02107299287639584
52,3390,68.0,90.0,0.0007580862533692722,0.05154986522911051
52,3720,45.666666666666664,170.0,0.0014319407008086254,0.06539195867026056
52,4110,54.5,640.0,0.005390835579514825,0.29380053908355797
52,4120,69.8,300.0,0.002526954177897574,0.17638140161725066
52,4130,54.285714285714285,12360.0,0.10411051212938005,5.651713515594917
52,4190,62.285714285714285,740.0,0.006233153638814016,0.3882364266461302
52,4310,47.0,4890.0,0.04118935309973046,1.9358995956873315
52,4330,56.0,14030.0,0.11817722371967655,6.617924528301887
52,4340,59.333333333333336,15840.0,0.1334231805929919,7.91644204851752
52,4341,61.5,6550.0,0.055171832884097036,3.393067722371968
52,4350,60.06666666666667,140.0,0.0011792452830188679,0.07083333333333333
52,4360,48.5,1300.0,0.010950134770889488,0.5310815363881402
52,4390,53.5,10960.0,0.09231805929919137,4.939016172506738
52,4391,52.0,230.0,0.00193733153638814,0.10074123989218328
52,4990,65.84615384615384,290.0,0.002442722371967655,0.16084387310802403
53,1110,48.666666666666664,290.0,0.012494614390348987,0.6080712336636507
53,1130,46.07142857142857,50.0,0.002154243860404998,0.0992490921400874
53,1190,56.46666666666667,60.0,0.0025850926324859974,0.14597156398104266
53,1191,48.1764705882353,870.0,0.037483843171046964,1.8058392680639686
53,1310,52.35,50.0,0.002154243860404998,0.11277466609220164
53,1311,49.0,860.0,0.03705299439896596,1.8155967255493322
53,1320,47.333333333333336,850.0,0.03662214562688496,1.7334482263392217
53,1511,47.53846153846154,40.0,0.0017233950883239983,0.08192755112186392
53,2740,61.0,100.0,0.004308487720809996,0.26281775096940974
53,2911,88.08695652173913,90.0,0.003877638948728996,0.3415694134836933
53,3390,68.0,0.0,0.0,0.0
53,3520,62.0,0.0,0.0,0.0
53,3530,75.16666666666667,0.0,0.0,0.0
53,3720,45.666666666666664,950.0,0.04093063334769496,1.8691655895447363
53,3730,54.666666666666664,250.0,0.010771219302024989,0.588826655177366
53,4110,54.5,240.0,0.01034037052994399,0.5635501938819474
53,4120,69.8,2520.0,0.10857389056441188,7.5784575613959495
53,4130,54.285714285714285,190.0,0.008186126669538992,0.4443897334892596
53,4190,62.285714285714285,2910.0,0.12537699267557087,7.8091955437927
53,4310,47.0,170.0,0.007324429125376993,0.3442481688927187
53,4330,56.0,1160.0,0.04997845756139595,2.798793623438173
53,4340,59.333333333333336,580.0,0.024989228780697974,1.48269424098808
53,4341,61.5,240.0,0.01034037052994399,0.6359327875915554
53,4350,60.06666666666667,100.0,0.004308487720809996,0.2587964957633204
53,4360,48.5,2090.0,0.09004739336492891,4.367298578199052
53,4390,53.5,770.0,0.03317535545023697,1.774881516587678
53,4721,66.5,80.0,0.0034467901766479965,0.22921154674709177
53,4910,69.0,400.0,0.017233950883239983,1.1891426109435588
53,4930,55.266666666666666,350.0,0.015079707022834985,0.8334051414620135
53,4990,65.84615384615384,5220.0,0.22490305902628177,14.809001425115168
53,5310,62.75,60.0,0.0025850926324859974,0.16221456268849632
53,5330,73.85714285714286,660.0,0.02843601895734597,2.1002031144211237
53,5360,60.75,0.0,0.0,0.0
53,5370,47.53333333333333,1010.0,0.043515725980180955,2.0684475082579348
54,1110,48.666666666666664,3210.0,0.030194713573511427,1.469476060577556
54,1120,44.75,510.0,0.004797290941585928,0.2146787696359703
54,1130,46.07142857142857,1530.0,0.014391872824757785,0.6630541408549122
54,1131,39.666666666666664,280.0,0.0026338067914589407,0.10447433606120464
54,1190,56.46666666666667,670.0,0.00630232339384818,0.3558711943059606
54,1191,48.1764705882353,830.0,0.007807355846110432,0.3761308492920261
54,1310,52.35,2000.0,0.018812905653278148,0.9848556109491111
54,1311,49.0,8040.0,0.07562788072617815,3.7057661555827295
54,1320,47.333333333333336,6390.0,0.06010723356222369,2.8450757219452547
54,1511,47.53846153846154,18070.0,0.16997460257736807,8.080331107139498
54,1520,38.833333333333336,300.0,0.0028219358479917222,0.10958517543034522
54,1710,48.4,1870.0,0.01759006678581507,0.8513592324334494
54,1720,46.416666666666664,5390.0,0.05070078073558461,2.3533612391433856
54,1721,49.36,1690.0,0.015896905277020035,0.784671244473709
54,1730,53.964285714285715,3920.0,0.036873295080425174,1.9898410309472299
54,1910,47.125,1580.0,0.014862195466089738,0.7003809613394789
54,1920,42.916666666666664,400.0,0.0037625811306556296,0.16147744019063742
54,1930,47.875,100.0,0.0009406452826639074,0.04503339290753457
54,1940,55.625,1500.0,0.014109679239958612,0.7848509077226978
54,2310,48.2,5120.0,0.04816103847239206,2.321362054369297
54,2320,50.0,4290.0,0.04035368262628163,2.0176841313140814
54,2710,48.36363636363637,2440.0,0.022951744896999342,1.1100298441094227
54,2720,69.93333333333334,100.0,0.0009406452826639074,0.0657824601009626
54,2730,51.6,1280.0,0.012040259618098015,0.6212773962938576
54,2740,61.0,570.0,0.005361678111184273,0.32706236478224066
54,2911,88.08695652173913,1800.0,0.016931615087950335,1.4914544420951032
54,2920,83.39285714285714,2150.0,0.02022387357727401,1.6865266001048147
54,3190,80.2,1660.0,0.015614711692220864,1.2522998777161134
54,3390,68.0,0.0,0.0,0.0
54,3720,45.666666666666664,330.0,0.0031041294327908944,0.14175524409745083
54,3920,64.0,310.0,0.002916000376258113,0.18662402408051923
54,4110,54.5,230.0,0.002163484150126987,0.11790988618192079
54,4120,69.8,0.0,0.0,0.0
54,4130,54.285714285714285,3710.0,0.03489793998683097,1.8944595992851097
54,4140,48.333333333333336,510.0,0.004797290941585928,0.2318690621766532
54,4190,62.285714285714285,310.0,0.002916000376258113,0.1816251662926482
54,4310,47.0,1090.0,0.01025303358103659,0.48189257830871973
54,4320,65.5,0.0,0.0,0.0
54,4330,56.0,4920.0,0.046279747907064246,2.591665882795598
54,4340,59.333333333333336,3880.0,0.036497036967359606,2.1654908600633367
54,4341,61.5,2270.0,0.0213526479164707,1.313187846862948
54,4350,60.06666666666667,640.0,0.006020129809049007,0.3616091305302104
54,4360,48.5,1370.0,0.012886840372495533,0.6250117580660334
54,4390,53.5,5430.0,0.051077038848650176,2.7326215784027843
54,4391,52.0,30.0,0.0002821935847991722,0.014674066409556956
54,4710,74.5,50.0,0.0004703226413319537,0.03503903677923055
54,4720,69.05882352941177,40.0,0.00037625811306556296,0.025983942631704175
54,4740,69.0,380.0,0.003574452074122848,0.24663719311447652
54,4920,63.083333333333336,0.0,0.0,0.0
54,4990,65.84615384615384,220.0,0.0020694196218605963,0.13626332279328232
54,5110,65.0,230.0,0.002163484150126987,0.14062646975825416
54,5120,62.111111111111114,70.0,0.0006584516978647352,0.04089716656737633
54,5140,56.611111111111114,90.0,0.0008465807543975167,0.04792587715172608
54,5151,51.0,160.0,0.0015050324522622519,0.07675665506537485
54,5190,54.25,1140.0,0.010723356222368545,0.5817420750634936
54,5191,55.94444444444444,140.0,0.0013169033957294704,0.07367342886108759
54,5310,62.75,40.0,0.00037625811306556296,0.023610196594864075
54,5330,73.85714285714286,270.0,0.00253974226319255,0.1875781071529355
54,5370,47.53333333333333,760.0,0.007148904148245696,0.3398112438466121
55,1110,48.666666666666664,2100.0,0.03273577552611068,1.593141075604053
55,1120,44.75,1370.0,0.021356196414653156,0.9556897895557287
55,1130,46.07142857142857,5450.0,0.08495713172252534,3.914096425787774
55,1131,39.666666666666664,840.0,0.013094310210444271,0.5194076383476227
55,1190,56.46666666666667,550.0,0.00857365549493375,0.4841257469472591
55,1191,48.1764705882353,1320.0,0.020576773187841,0.9913163082848105
55,1310,52.35,4480.0,0.06983632112236944,3.65593141075604
55,1311,49.0,5730.0,0.08932190179267342,4.376773187840998
55,1320,47.333333333333336,4280.0,0.06671862821512081,3.158015068849052
55,1511,47.53846153846154,7240.0,0.11286048324240062,5.365213741831045
55,1520,38.833333333333336,520.0,0.008106001558846453,0.31478306053520394
55,1720,46.416666666666664,540.0,0.008417770849571318,0.3907248636009353
55,1721,49.36,2210.0,0.03445050662509743,1.7004770070148092
55,1730,53.964285714285715,400.0,0.006235385814497272,0.3364881416323349
55,1940,55.625,70.0,0.0010911925175370225,0.060697583787996875
55,2110,63.833333333333336,1000.0,0.01558846453624318,0.9950636528968564
55,2310,48.2,310.0,0.0048324240062353856,0.2329228371005456
55,2320,50.0,160.0,0.002494154325798909,0.12470771628994544
55,2530,79.0,0.0,0.0,0.0
55,2710,48.36363636363637,380.0,0.005923616523772409,0.2864876355133565
55,2730,51.6,460.0,0.007170693686671863,0.37000779423226815
55,2910,85.46666666666667,30.0,0.0004676539360872954,0.039968823070927514
55,2911,88.08695652173913,950.0,0.014809041309431021,1.304483377952489
55,2920,83.39285714285714,950.0,0.014809041309431021,1.2349682663400512
55,3110,90.25,110.0,0.0017147310989867497,0.15475448168355416
55,3190,80.2,330.0,0.00514419329696025,0.41256430241621206
55,3390,68.0,40.0,0.0006235385814497272,0.04240062353858145
55,3510,88.0,0.0,0.0,0.0
55,3530,75.16666666666667,0.0,0.0,0.0
55,3720,45.666666666666664,160.0,0.002494154325798909,0.1138997142114835
55,4110,54.5,480.0,0.0074824629773967265,0.4077942322681216
55,4120,69.8,150.0,0.002338269680436477,0.1632112236944661
55,4130,54.285714285714285,800.0,0.012470771628994544,0.6769847455739896
55,4140,48.333333333333336,1100.0,0.0171473109898675,0.8287866978435958
55,4190,62.285714285714285,120.0,0.0018706157443491816,0.11651263779089188
55,4310,47.0,1650.0,0.025720966484801246,1.2088854247856586
55,4330,56.0,4010.0,0.06250974279033515,3.5005455962587684
55,4340,59.333333333333336,4630.0,0.07217459080280593,4.2823590542998184
55,4341,61.5,2560.0,0.03990646921278254,2.454247856586126
55,4350,60.06666666666667,500.0,0.00779423226812159,0.4681735515718369
55,4360,48.5,1290.0,0.020109119251753703,0.9752922837100546
55,4390,53.5,2050.0,0.03195635229929852,1.7096648480124708
55,4391,52.0,140.0,0.002182385035074045,0.11348402182385034
55,4710,74.5,0.0,0.0,0.0
55,4721,66.5,40.0,0.0006235385814497272,0.04146531566640686
55,4910,69.0,220.0,0.0034294621979734994,0.23663289166017146
55,4920,63.083333333333336,50.0,0.000779423226812159,0.0491686152247337
55,4930,55.266666666666666,60.0,0.0009353078721745908,0.05169134840218238
55,4990,65.84615384615384,880.0,0.013717848791893998,0.9032675819893278
55,5110,65.0,240.0,0.0037412314886983633,0.24318004676539362
55,5120,62.111111111111114,210.0,0.0032735775526110678,0.2033255391010652
55,5141,52.625,0.0,0.0,0.0
55,5190,54.25,90.0,0.0014029618082618861,0.07611067809820732
55,5310,62.75,150.0,0.002338269680436477,0.14672642244738895
55,5330,73.85714285714286,220.0,0.0034294621979734994,0.2532902794788999
55,5370,47.53333333333333,530.0,0.008261886204208885,0.392714990906729
56,1110,48.666666666666664,1840.0,0.013189964157706093,0.6419115890083632
56,1120,44.75,90.0,0.0006451612903225806,0.028870967741935483
56,1130,46.07142857142857,450.0,0.0032258064516129032,0.14861751152073732
56,1131,39.666666666666664,130.0,0.0009318996415770609,0.036965352449223415
56,1190,56.46666666666667,0.0,0.0,0.0
56,1191,48.1764705882353,400.0,0.002867383512544803,0.13814041745730551
56,1310,52.35,3230.0,0.023154121863799282,1.2121182795698924
56,1311,49.0,2200.0,0.015770609318996417,0.7727598566308245
56,1320,47.333333333333336,870.0,0.006236559139784947,0.2951971326164875
56,1511,47.53846153846154,2580.0,0.018494623655913978,0.8792059553349876
56,1520,38.833333333333336,50.0,0.00035842293906810036,0.013918757467144565
56,1710,48.4,260.0,0.0018637992831541219,0.0902078853046595
56,1720,46.416666666666664,90.0,0.0006451612903225806,0.029946236559139784
56,1721,49.36,330.0,0.0023655913978494624,0.11676559139784946
56,1730,53.964285714285715,310.0,0.0022222222222222222,0.11992063492063493
56,1910,47.125,40.0,0.0002867383512544803,0.013512544802867383
56,1920,42.916666666666664,130.0,0.0009318996415770609,0.039994026284348866
56,1940,55.625,210.0,0.0015053763440860215,0.08373655913978495
56,2110,63.833333333333336,40.0,0.0002867383512544803,0.01830346475507766
56,2710,48.36363636363637,590.0,0.004229390681003585,0.20454871293580976
56,2730,51.6,180.0,0.0012903225806451613,0.06658064516129032
56,2910,85.46666666666667,50.0,0.00035842293906810036,0.030633213859020313
56,2911,88.08695652173913,550.0,0.003942652329749104,0.3472962443509428
56,2920,83.39285714285714,740.0,0.005304659498207885,0.4423707117255504
56,3110,90.25,2220.0,0.015913978494623657,1.436236559139785
56,3190,80.2,360.0,0.0025806451612903226,0.20696774193548387
56,3310,74.25,490.0,0.0035125448028673835,0.2608064516129032
56,3320,70.2,0.0,0.0,0.0
56,3390,68.0,5860.0,0.042007168458781365,2.856487455197133
56,3510,88.0,200.0,0.0014336917562724014,0.12616487455197134
56,3520,62.0,160.0,0.0011469534050179211,0.07111111111111111
56,3530,75.16666666666667,870.0,0.006236559139784947,0.4687813620071685
56,3590,74.66666666666667,250.0,0.0017921146953405018,0.13381123058542413
56,3710,61.5,2010.0,0.014408602150537634,0.8861290322580645
56,3720,45.666666666666664,23090.0,0.16551971326164874,7.558733572281959
56,3730,54.666666666666664,10600.0,0.07598566308243727,4.153882915173237
56,3970,62.5,190.0,0.0013620071684587814,0.08512544802867383
56,4110,54.5,250.0,0.0017921146953405018,0.09767025089605735
56,4120,69.8,800.0,0.005734767025089606,0.40028673835125445
56,4130,54.285714285714285,3340.0,0.023942652329749105,1.2997439836149514
56,4140,48.333333333333336,570.0,0.0040860215053763445,0.19749103942652332
56,4190,62.285714285714285,1230.0,0.00881720430107527,0.5491858678955454
56,4310,47.0,960.0,0.006881720430107527,0.32344086021505375
56,4320,65.5,340.0,0.0024372759856630824,0.1596415770609319
56,4330,56.0,3900.0,0.02795698924731183,1.5655913978494624
56,4340,59.333333333333336,8810.0,0.06315412186379929,3.747144563918758
56,4341,61.5,1070.0,0.007670250896057348,0.4717204301075269
56,4350,60.06666666666667,740.0,0.005304659498207885,0.3186332138590203
56,4351,58.0,320.0,0.0022939068100358423,0.13304659498207885
56,4360,48.5,2600.0,0.01863799283154122,0.9039426523297492
56,4390,53.5,5500.0,0.03942652329749104,2.1093189964157704
56,4391,52.0,340.0,0.0024372759856630824,0.1267383512544803
56,4520,50.142857142857146,220.0,0.0015770609318996416,0.0790783410138249
56,4710,74.5,200.0,0.0014336917562724014,0.10681003584229391
56,4720,69.05882352941177,2000.0,0.014336917562724014,0.990090659919882
56,4721,66.5,410.0,0.002939068100358423,0.19544802867383512
56,4722,74.0,170.0,0.0012186379928315412,0.09017921146953405
56,4730,66.66666666666667,0.0,0.0,0.0
56,4740,69.0,900.0,0.0064516129032258064,0.44516129032258067
56,4910,69.0,100.0,0.0007168458781362007,0.04946236559139785
56,4920,63.083333333333336,370.0,0.0026523297491039427,0.16731780167264038
56,4930,55.266666666666666,430.0,0.003082437275985663,0.17035603345280764
56,4990,65.84615384615384,1720.0,0.012329749103942652,0.8118665563826853
56,5110,65.0,290.0,0.002078853046594982,0.13512544802867382
56,5120,62.111111111111114,6720.0,0.04817204301075269,2.9920191158900837
56,5130,64.85714285714286,390.0,0.002795698924731183,0.18132104454685102
56,5140,56.611111111111114,2020.0,0.014480286738351255,0.8197451214655517
56,5141,52.625,800.0,0.005734767025089606,0.3017921146953405
56,5151,51.0,80.0,0.0005734767025089606,0.02924731182795699
56,5160,52.857142857142854,220.0,0.0015770609318996416,0.08335893497183819
56,5170,54.0,200.0,0.0014336917562724014,0.07741935483870968
56,5180,60.90909090909091,0.0,0.0,0.0
56,5190,54.25,3940.0,0.028243727598566307,1.5322222222222222
56,5191,55.94444444444444,6820.0,0.04888888888888889,2.735061728395062
56,5310,62.75,210.0,0.0015053763440860215,0.09446236559139785
56,5330,73.85714285714286,2250.0,0.016129032258064516,1.1912442396313365
56,5370,47.53333333333333,16610.0,0.11906810035842294,5.659703703703704
61,1110,48.666666666666664,1030.0,0.004771169168056328,0.23219689951207462
61,1120,44.75,230.0,0.0010654067074300536,0.0476769501574949
61,1130,46.07142857142857,860.0,0.003983694645173244,0.1835345032954816
61,1131,39.666666666666664,250.0,0.0011580507689457106,0.045936013834846516
61,1190,56.46666666666667,7320.0,0.0339077265147304,1.9146562905317768
61,1191,48.1764705882353,860.0,0.003983694645173244,0.19192034790569926
61,1310,52.35,750.0,0.0034741523068371315,0.18187187326292384
61,1311,49.0,3040.0,0.014081897350379841,0.6900129701686122
61,1320,47.333333333333336,1340.0,0.006207152121549008,0.2938052004199864
61,1511,47.53846153846154,3410.0,0.01579581248841949,0.7509086244494805
61,1721,49.36,170.0,0.0007874745228830832,0.038869742449508984
61,1920,42.916666666666664,80.0,0.00037057624606262737,0.015903897226854424
61,1930,47.875,1180.0,0.005465999629423754,0.2616847322586622
61,1940,55.625,230.0,0.0010654067074300536,0.05926324810079674
61,2110,63.833333333333336,4200.0,0.019455252918287938,1.24189364461738
61,2310,48.2,50.0,0.0002316101537891421,0.01116360941263665
61,2510,47.47826086956522,17180.0,0.07958124884194923,3.77837929284385
61,2511,52.61538461538461,8710.0,0.04034648879006856,2.122846025569761
61,2520,79.25,66770.0,0.3092921993700204,24.511406800074116
61,2530,79.0,19640.0,0.09097646840837502,7.187141004261626
61,2540,51.4,1600.0,0.007411524921252547,0.38095238095238093
61,2590,58.6,23500.0,0.1088567722808968,6.379006855660553
61,2710,48.36363636363637,150.0,0.0006948304613674264,0.0336045277679519
61,2720,69.93333333333334,2450.0,0.011348897535667963,0.793666234327713
61,2730,51.6,870.0,0.004030016675931073,0.2079488604780434
61,2740,61.0,210.0,0.0009727626459143969,0.05933852140077821
61,2910,85.46666666666667,550.0,0.0025477116916805633,0.21774442591563214
61,2911,88.08695652173913,3980.0,0.018436168241615713,1.623985950326671
61,2990,70.8,230.0,0.0010654067074300536,0.0754307948860478
61,3120,90.5,40.0,0.00018528812303131369,0.01676857513433389
61,3190,80.2,920.0,0.0042616268297202145,0.34178247174356124
61,3310,74.25,60.0,0.00027793218454697053,0.020636464702612562
61,3390,68.0,1610.0,0.0074578469520103765,0.5071335927367056
61,3510,88.0,260.0,0.001204372799703539,0.10598480637391144
61,3520,62.0,4650.0,0.021539744302390217,1.3354641467481934
61,3530,75.16666666666667,1090.0,0.005049101352603298,0.37952411833734795
61,3590,74.66666666666667,40.0,0.00018528812303131369,0.013834846519671424
61,3710,61.5,270.0,0.0012506948304613673,0.07691773207337409
61,3720,45.666666666666664,8050.0,0.03728923476005188,1.7028750540423692
61,3730,54.666666666666664,260.0,0.001204372799703539,0.06583904638379347
61,3910,83.25,260.0,0.001204372799703539,0.10026403557531963
61,3990,75.5,4210.0,0.019501574949045766,1.4723689086529554
61,4120,69.8,150.0,0.0006948304613674264,0.04849916620344636
61,4130,54.285714285714285,220.0,0.0010190846766722254,0.05532173959077795
61,4310,47.0,980.0,0.004539559014267186,0.21335927367055774
61,4330,56.0,1220.0,0.0056512877524550675,0.3164721141374838
61,4340,59.333333333333336,610.0,0.0028256438762275338,0.16765486998950035
61,4341,61.5,830.0,0.003844728552899759,0.23645080600333518
61,4350,60.06666666666667,40.0,0.00018528812303131369,0.011129639923414243
61,4360,48.5,8600.0,0.03983694645173244,1.9320919029090233
61,4390,53.5,5730.0,0.026542523624235686,1.4200250138966093
61,4391,52.0,220.0,0.0010190846766722254,0.05299240318695572
61,4520,50.142857142857146,0.0,0.0,0.0
61,4720,69.05882352941177,60.0,0.00027793218454697053,0.019193669685773143
61,4721,66.5,260.0,0.001204372799703539,0.08009079118028535
61,4910,69.0,250.0,0.0011580507689457106,0.07990550305725402
61,4930,55.266666666666666,0.0,0.0,0.0
61,4990,65.84615384615384,2390.0,0.011070965351120994,0.7289804877353515
61,5151,51.0,40.0,0.00018528812303131369,0.009449694274596998
61,5310,62.75,50.0,0.0002316101537891421,0.014533537150268666
61,5330,73.85714285714286,1500.0,0.006948304613674263,0.5131819264670849
61,5370,47.53333333333333,170.0,0.0007874745228830832,0.03743128898770922
62,1110,48.666666666666664,1880.0,0.0046753375941906445,0.22753309625061136
62,1120,44.75,30.0,7.46064509711273e-05,0.003338638680957947
62,1130,46.07142857142857,1280.0,0.0031832085747680984,0.1466549664803874
62,1131,39.666666666666664,240.0,0.0005968516077690184,0.02367511377483773
62,1190,56.46666666666667,980.0,0.0024371440650568254,0.13761740154020874
62,1191,48.1764705882353,8030.0,0.01996966004327174,0.9620677397317386
62,1310,52.35,2030.0,0.005048369849046281,0.2642821615975728
62,1311,49.0,5800.0,0.014423913854417946,0.7067717788664793
62,1320,47.333333333333336,1980.0,0.004924025764094402,0.23307055283380168
62,1511,47.53846153846154,2060.0,0.005122976300017408,0.24353841180082755
62,1520,38.833333333333336,530.0,0.0013180473004899156,0.05118417016902506
62,1720,46.416666666666664,30.0,7.46064509711273e-05,0.0034629827659098254
62,1910,47.125,280.0,0.0006963268757305215,0.03281440401880082
62,1920,42.916666666666664,40.0,9.947526796150308e-05,0.004269146916681173
62,1930,47.875,2000.0,0.0049737633980751535,0.23811892268284798
62,1940,55.625,30.0,7.46064509711273e-05,0.004149983835268956
62,2110,63.833333333333336,21890.0,0.05443784039193256,3.4749488116850284
62,2120,51.5,380.0,0.0009450150456342791,0.04866827485016537
62,2310,48.2,30.0,7.46064509711273e-05,0.0035960309368083363
62,2320,50.0,40.0,9.947526796150308e-05,0.0049737633980751535
62,2520,79.25,10050.0,0.024993161075327647,1.980708015219716
62,2530,79.0,760.0,0.0018900300912685583,0.1493123772102161
62,2590,58.6,4360.0,0.010842804207803834,0.6353883265773047
62,2720,69.93333333333334,50.0,0.00012434408495187884,0.00869579634096806
62,2730,51.6,550.0,0.0013677849344706672,0.07057770261868643
62,2910,85.46666666666667,8040.0,0.019994528860262116,1.708865733257069
62,2911,88.08695652173913,70710.0,0.17584740493894704,15.489862713317683
62,2920,83.39285714285714,53720.0,0.13359528487229863,11.140892506314904
62,2990,70.8,1470.0,0.003655716097585238,0.2588246997090348
62,3110,90.25,97300.0,0.2419735893163562,21.838116435801147
62,3120,90.5,3370.0,0.008380791325756634,0.7584616149809753
62,3190,80.2,23400.0,0.058193031757479294,4.667081146949839
62,3310,74.25,60.0,0.0001492129019422546,0.011079057969212405
62,3390,68.0,840.0,0.0020889806271915646,0.1420506826490264
62,3510,88.0,680.0,0.0016910795553455522,0.14881500087040858
62,3520,62.0,4500.0,0.011190967645669096,0.693839994031484
62,3530,75.16666666666667,5870.0,0.014597995573350576,1.0972826672635183
62,3590,74.66666666666667,380.0,0.0009450150456342791,0.07056112340735951
62,3710,61.5,310.0,0.0007709333267016488,0.047412399592151405
62,3720,45.666666666666664,7080.0,0.017607122429186044,0.8040585909328293
62,3730,54.666666666666664,120.0,0.0002984258038845092,0.016313943945686502
62,3910,83.25,2490.0,0.006192335430603566,0.5155119245977469
62,3950,92.16666666666667,150.0,0.0003730322548556365,0.0343811394891945
62,3990,75.5,4640.0,0.011539131083534356,0.8712043968068439
62,4110,54.5,40.0,9.947526796150308e-05,0.005421402103901918
62,4120,69.8,220.0,0.0005471139737882669,0.03818855537042103
62,4130,54.285714285714285,440.0,0.0010942279475765339,0.059400945725583264
62,4190,62.285714285714285,0.0,0.0,0.0
62,4310,47.0,1680.0,0.004177961254383129,0.19636417895600708
62,4320,65.5,370.0,0.0009201462286439034,0.06026957797617567
62,4330,56.0,7210.0,0.017930417050060928,1.004103354803412
62,4340,59.333333333333336,3480.0,0.008654348312650767,0.5134913332172789
62,4341,61.5,14560.0,0.03620899753798712,2.226853348586208
62,4350,60.06666666666667,1590.0,0.003954141901469747,0.23751212354828283
62,4360,48.5,10360.0,0.025764094402029297,1.249558578498421
62,4390,53.5,3890.0,0.009673969809256174,0.5175573847952053
62,4391,52.0,150.0,0.0003730322548556365,0.019397677252493098
62,4710,74.5,50.0,0.00012434408495187884,0.009263634328914973
62,4721,66.5,150.0,0.0003730322548556365,0.024806644947899827
62,4910,69.0,110.0,0.00027355698689413347,0.01887543209569521
62,4990,65.84615384615384,2610.0,0.006490761234488075,0.4273916628247532
62,5110,65.0,220.0,0.0005471139737882669,0.03556240829623735
62,5120,62.111111111111114,640.0,0.0015916042873840492,0.0988563107386315
62,5160,52.857142857142854,490.0,0.0012185720325284127,0.06441023600507324
62,5180,60.90909090909091,50.0,0.00012434408495187884,0.0075736851743417105
62,5190,54.25,40.0,9.947526796150308e-05,0.005396533286911542
62,5191,55.94444444444444,450.0,0.0011190967645669095,0.062607246773271
62,5310,62.75,30.0,7.46064509711273e-05,0.004681554798438238
62,5330,73.85714285714286,1370.0,0.0034070279276814802,0.25163334837304646
62,5360,60.75,30.0,7.46064509711273e-05,0.004532341896495984
62,5370,47.53333333333333,1420.0,0.003531372012633359,0.16785788300050564
71,1110,48.666666666666664,550.0,0.013061030634053668,0.6356368241906118
71,1120,44.75,40.0,0.000949893137022085,0.04250771788173831
71,1130,46.07142857142857,80.0,0.00189978627404417,0.08752586762560641
71,1190,56.46666666666667,50.0,0.0011873664212776064,0.0670466239214755
71,1191,48.1764705882353,180.0,0.004274519116599383,0.2059312444996997
71,1310,52.35,30.0,0.0007124198527665638,0.03729517929232962
71,1311,49.0,900.0,0.021372595582996912,1.0472571835668487
71,1320,47.333333333333336,230.0,0.005461885537876989,0.25852924879284417
71,1511,47.53846153846154,80.0,0.00189978627404417,0.09031291671994593
71,2530,79.0,430.0,0.010211351222987414,0.8066967466160057
71,2540,51.4,190.0,0.004511992400854904,0.23191640940394206
71,2710,48.36363636363637,160.0,0.00379957254808834,0.18376114505299973
71,2720,69.93333333333334,3180.0,0.07551650439325576,5.281120873901687
71,2730,51.6,430.0,0.010211351222987414,0.5269057231061506
71,2740,61.0,210.0,0.004986938969365947,0.3042032771313227
71,2990,70.8,30.0,0.0007124198527665638,0.05043932557587272
71,3190,80.2,0.0,0.0,0.0
71,3310,74.25,80.0,0.00189978627404417,0.14105913084777963
71,3390,68.0,1950.0,0.04630729042982665,3.148895749228212
71,3510,88.0,630.0,0.014960816908097838,1.3165518879126097
71,3520,62.0,1490.0,0.03538351935407267,2.1937781999525057
71,3530,75.16666666666667,3880.0,0.09213963429114225,6.92582917755086
71,3590,74.66666666666667,890.0,0.021135122298741392,1.5780891316393573
71,3710,61.5,340.0,0.008074091664687722,0.49655663737829486
71,3720,45.666666666666664,1190.0,0.02825932082640703,1.290508984405921
71,3730,54.666666666666664,2330.0,0.05533127523153645,3.0247763793239923
71,3910,83.25,1270.0,0.0301591071004512,2.5107456661125624
71,3920,64.0,90.0,0.0021372595582996915,0.13678461173118026
71,3930,73.71428571428571,5470.0,0.12989788648777012,9.575329918241339
71,3970,62.5,320.0,0.00759914509617668,0.4749465685110425
71,3990,75.5,5450.0,0.12942293991925907,9.77143196390406
71,4110,54.5,160.0,0.00379957254808834,0.20707670387081453
71,4120,69.8,2460.0,0.05841842792685823,4.077606269294704
71,4130,54.285714285714285,480.0,0.01139871764426502,0.6187875292601012
71,4310,47.0,220.0,0.005224412253621468,0.245547375920209
71,4330,56.0,610.0,0.014485870339586796,0.8112087390168605
71,4340,59.333333333333336,1060.0,0.025172168131085252,1.4935486424443918
71,4341,61.5,1540.0,0.036570885775350274,2.2491094751840417
71,4360,48.5,260.0,0.006174305390643553,0.2994538114462123
71,4390,53.5,670.0,0.015910710045119923,0.8512229874139159
71,4910,69.0,110.0,0.002612206126810734,0.18024222274994064
71,4930,55.266666666666666,130.0,0.0030871526953217764,0.17061663896145018
71,4990,65.84615384615384,1400.0,0.033246259795772976,2.1891383373216664
71,5330,73.85714285714286,0.0,0.0,0.0
71,5360,60.75,260.0,0.006174305390643553,0.37508905248159585
71,5370,47.53333333333333,600.0,0.014248397055331275,0.6772738066967466
72,1110,48.666666666666664,2100.0,0.008781834148789362,0.42738259524108224
72,1190,56.46666666666667,3490.0,0.014594571990130891,0.824106831709391
72,1191,48.1764705882353,50.0,0.00020909128925688955,0.010073280347140738
72,1310,52.35,50.0,0.00020909128925688955,0.01094592899259817
72,1311,49.0,260.0,0.0010872747041358257,0.05327646050265546
72,1320,47.333333333333336,190.0,0.0007945468991761803,0.037608553227672537
72,1511,47.53846153846154,40.0,0.00016727303140551164,0.007951902569892784
72,2530,79.0,0.0,0.0,0.0
72,3190,80.2,120.0,0.000501819094216535,0.04024589135616611
72,3390,68.0,1320.0,0.005520010036381884,0.37536068247396814
72,3510,88.0,17360.0,0.07259649562999206,6.3884916154393006
72,3520,62.0,37880.0,0.15840756074101953,9.821268765943211
72,3530,75.16666666666667,120730.0,0.5048718270396855,37.949532332483024
72,3590,74.66666666666667,21640.0,0.0904947099903818,6.756938345948508
72,3710,61.5,750.0,0.0031363693388533434,0.19288671433948062
72,3720,45.666666666666664,9420.0,0.03939279889599799,1.798937816250575
72,3730,54.666666666666664,220.0,0.0009200016727303141,0.050293424775923835
72,3910,83.25,70.0,0.0002927278049596454,0.024369589762890477
72,3930,73.71428571428571,380.0,0.0015890937983523605,0.11713891427854542
72,3950,92.16666666666667,180.0,0.0007527286413248024,0.06937648977543596
72,3960,71.5,220.0,0.0009200016727303141,0.06578011960021746
72,3990,75.5,460.0,0.0019236398611633839,0.1452348095178355
72,4110,54.5,90.0,0.0003763643206624012,0.020511855476100866
72,4120,69.8,5780.0,0.024170953038096434,1.6871325220591311
72,4130,54.285714285714285,350.0,0.001463639024798227,0.07945468991761803
72,4140,48.333333333333336,40.0,0.00016727303140551164,0.008084863184599729
72,4310,47.0,370.0,0.0015472755405009828,0.07272195040354619
72,4330,56.0,1260.0,0.005269100489273617,0.2950696273993225
72,4340,59.333333333333336,5030.0,0.02103458369924309,1.24805196615509
72,4390,53.5,1570.0,0.006565466482666332,0.3512524568226488
72,4910,69.0,60.0,0.0002509095471082675,0.017312758750470458
72,4990,65.84615384615384,2530.0,0.010580019236398612,0.6966535743351701
72,5130,64.85714285714286,360.0,0.0015054572826496049,0.09763965804613152
72,5160,52.857142857142854,740.0,0.0030945510810019656,0.16356912856724676
72,5330,73.85714285714286,3930.0,0.01643457533559152,1.2138107783572594
72,5360,60.75,40.0,0.00016727303140551164,0.010161836657884832
72,5370,47.53333333333333,50.0,0.00020909128925688955,0.00993880594934415
81,1110,48.666666666666664,1090.0,0.014544969308780357,0.7078551730273107
81,1120,44.75,240.0,0.0032025620496397116,0.14331465172137708
81,1130,46.07142857142857,300.0,0.0040032025620496394,0.1844332608944298
81,1190,56.46666666666667,30.0,0.00040032025620496394,0.0226047504670403
81,1191,48.1764705882353,230.0,0.003069121964238057,0.1478594640418217
81,1310,52.35,3650.0,0.04870563117160395,2.549739791833467
81,1311,49.0,1680.0,0.02241793434747798,1.098478783026421
81,1320,47.333333333333336,520.0,0.006938884440886042,0.32844053020193936
81,1511,47.53846153846154,540.0,0.007205764611689352,0.3425509638480015
81,1721,49.36,100.0,0.0013344008540165466,0.06586602615425674
81,1910,47.125,40.0,0.0005337603416066186,0.0251534560982119
81,1920,42.916666666666664,110.0,0.0014678409394182012,0.0629948403166978
81,2110,63.833333333333336,960.0,0.012810248198558846,0.8177208433413398
81,2120,51.5,170.0,0.0022684814518281293,0.11682679476914866
81,2310,48.2,60.0,0.0008006405124099279,0.03859087269815853
81,2520,79.25,180.0,0.0024019215372297837,0.19035228182546035
81,2530,79.0,1060.0,0.014144649052575394,1.1174272751534562
81,2590,58.6,400.0,0.0053376034160661865,0.3127835601814785
81,2710,48.36363636363637,60.0,0.0008006405124099279,0.03872188660018924
81,2720,69.93333333333334,560.0,0.007472644782492661,0.5225869584556534
81,2730,51.6,1390.0,0.018548171870829997,0.9570856685348279
81,2990,70.8,60.0,0.0008006405124099279,0.05668534827862289
81,3110,90.25,170.0,0.0022684814518281293,0.20473045102748866
81,3190,80.2,1400.0,0.018681611956231654,1.4982652788897788
81,3390,68.0,1480.0,0.01974913263944489,1.3429410194822524
81,3510,88.0,80.0,0.0010675206832132373,0.09394182012276488
81,3520,62.0,200.0,0.0026688017080330933,0.1654657058980518
81,3530,75.16666666666667,690.0,0.009207365892714172,0.6920870029356819
81,3590,74.66666666666667,70.0,0.0009340805978115826,0.06974468463659816
81,3720,45.666666666666664,830.0,0.011075527088337337,0.5057824037007383
81,3730,54.666666666666664,310.0,0.004136642647451294,0.22613646472733742
81,3910,83.25,1270.0,0.016946890846010143,1.4108286629303444
81,3920,64.0,3190.0,0.042567387243127836,2.7243127835601815
81,3930,73.71428571428571,200.0,0.0026688017080330933,0.19672881162072514
81,3940,71.66666666666667,1330.0,0.01774753135842007,1.271906414020105
81,3950,92.16666666666667,9720.0,0.1297037630104083,11.954363490792634
81,3970,62.5,30.0,0.00040032025620496394,0.025020016012810245
81,3990,75.5,4760.0,0.06351748065118762,4.795569789164666
81,4120,69.8,2390.0,0.031892180410995466,2.2260741926874834
81,4130,54.285714285714285,540.0,0.007205764611689352,0.3911700789202791
81,4140,48.333333333333336,130.0,0.0017347211102215106,0.08384485366070635
81,4190,62.285714285714285,30.0,0.00040032025620496394,0.024934233100766326
81,4310,47.0,650.0,0.008673605551107553,0.40765946090205496
81,4330,56.0,1660.0,0.022151054176674675,1.2404590338937818
81,4340,59.333333333333336,920.0,0.012276487856952229,0.7284049461791656
81,4341,61.5,3670.0,0.04897251134240726,3.0118094475580466
81,4350,60.06666666666667,120.0,0.0016012810248198558,0.09618361355751268
81,4360,48.5,650.0,0.008673605551107553,0.4206698692287163
81,4390,53.5,2890.0,0.038564184681078195,2.0631838804376836
81,4910,69.0,1250.0,0.016680010675206833,1.1509207365892715
81,4920,63.083333333333336,620.0,0.008273285294902588,0.521906414020105
81,4930,55.266666666666666,7870.0,0.10501734721110222,5.803958722533582
81,4990,65.84615384615384,3170.0,0.04230050707232453,2.7853256964545996
81,5110,65.0,250.0,0.0033360021350413663,0.21684013877768882
81,5140,56.611111111111114,240.0,0.0032025620496397116,0.18130059603238147
81,5141,52.625,230.0,0.003069121964238057,0.16151254336802776
81,5160,52.857142857142854,2530.0,0.03376034160661863,1.7844751992069845
81,5191,55.94444444444444,550.0,0.007339204697091006,0.41058772944281346
81,5310,62.75,440.0,0.005871363757672805,0.3684280757939685
81,5330,73.85714285714286,1020.0,0.013610888710968775,1.005261351938694
81,5360,60.75,1840.0,0.024552975713904458,1.4915932746196958
81,5370,47.53333333333333,2120.0,0.02828929810515079,1.3446846365981675
99,1110,48.666666666666664,5120.0,0.03310701584222438,1.6112081043215862
99,1120,44.75,50.0,0.00032331070158422246,0.014468153895893955
99,1130,46.07142857142857,690.0,0.0044616876818622695,0.20555632534294027
99,1131,39.666666666666664,120.0,0.0007759456838021338,0.030779178790817974
99,1190,56.46666666666667,170.0,0.0010992563853863564,0.06207134389481626
99,1191,48.1764705882353,5710.0,0.0369220821209182,1.778775603354824
99,1310,52.35,3630.0,0.023472356935014548,1.2287778855480116
99,1311,49.0,6880.0,0.04448755253798901,2.1798900743614613
99,1320,47.333333333333336,3560.0,0.023019721952796637,1.0896001724323743
99,1511,47.53846153846154,2930.0,0.018946007112835436,0.9006640304409461
99,1710,48.4,250.0,0.0016165535079211122,0.07824118978338183
99,1720,46.416666666666664,1890.0,0.012221144519883608,0.5672647914645974
99,1721,49.36,120.0,0.0007759456838021338,0.03830067895247333
99,1730,53.964285714285715,620.0,0.004009052699644358,0.21634566532723662
99,1910,47.125,2010.0,0.012997090203685741,0.6124878758486906
99,1920,42.916666666666664,770.0,0.004978984804397025,0.21368143118870567
99,1930,47.875,1320.0,0.008535402521823473,0.40863239573229876
99,1940,55.625,1920.0,0.012415130940834141,0.6905916585838991
99,2110,63.833333333333336,6950.0,0.04494018752020692,2.868681970039875
99,2120,51.5,50.0,0.00032331070158422246,0.016650501131587458
99,2310,48.2,2170.0,0.014031684448755254,0.6763271904300033
99,2320,50.0,810.0,0.0052376333656644035,0.2618816682832202
99,2520,79.25,60.0,0.0003879728419010669,0.030746847720659554
99,2530,79.0,1150.0,0.007436146136437116,0.5874555447785321
99,2540,51.4,3670.0,0.023731005496281928,1.2197736825088912
99,2590,58.6,650.0,0.004203039120594891,0.24629809246686063
99,2710,48.36363636363637,60.0,0.0003879728419010669,0.018763777444669782
99,2720,69.93333333333334,340.0,0.0021985127707727127,0.1537493264360384
99,2730,51.6,370.0,0.002392499191723246,0.1234529582929195
99,2740,61.0,60.0,0.0003879728419010669,0.023666343355965083
99,2910,85.46666666666667,590.0,0.0038150662786938247,0.32606099795236554
99,2911,88.08695652173913,5040.0,0.032589718719689624,2.8707291359170077
99,2920,83.39285714285714,6960.0,0.04500484966052376,3.7530829984758207
99,2990,70.8,100.0,0.0006466214031684449,0.0457807953443259
99,3110,90.25,3990.0,0.02580019398642095,2.3284675072744907
99,3120,90.5,190.0,0.0012285806660200453,0.1111865502748141
99,3190,80.2,490.0,0.00316844487552538,0.2541092790171355
99,3310,74.25,3260.0,0.021079857743291304,1.5651794374393793
99,3320,70.2,9320.0,0.06026511477529906,4.230611057225994
99,3330,70.75,8430.0,0.0545101842870999,3.8565955383123183
99,3390,68.0,3320.0,0.02146783058519237,1.4598124797930812
99,3510,88.0,360.0,0.0023278370514064014,0.20484966052376333
99,3520,62.0,640.0,0.004138376980278047,0.2565793727772389
99,3530,75.16666666666667,690.0,0.0044616876818622695,0.3353701907533139
99,3590,74.66666666666667,80.0,0.0005172971225347559,0.038624851815928445
99,3710,61.5,240.0,0.0015518913676042677,0.09544131910766246
99,3720,45.666666666666664,2530.0,0.016359521500161657,0.747084815174049
99,3730,54.666666666666664,2280.0,0.014742967992240542,0.8059489169091496
99,3910,83.25,210.0,0.0013579049466537342,0.11304558680892338
99,3920,64.0,250.0,0.0016165535079211122,0.10345942450695118
99,3930,73.71428571428571,160.0,0.0010345942450695118,0.07626437577940971
99,3970,62.5,130.0,0.0008406078241189783,0.05253798900743614
99,3990,75.5,1880.0,0.012156482379566763,0.9178144196572906
99,4120,69.8,500.0,0.0032331070158422245,0.22567086970578726
99,4190,62.285714285714285,60.0,0.0003879728419010669,0.024165165581266454
99,4310,47.0,1020.0,0.006595538312318138,0.3099903006789525
99,4320,65.5,120.0,0.0007759456838021338,0.05082444228903977
99,4330,56.0,3560.0,0.023019721952796637,1.2891044293566116
99,4340,59.333333333333336,3320.0,0.02146783058519237,1.2737579480547474
99,4341,61.5,3730.0,0.024118978338182995,1.4833171677982542
99,4350,60.06666666666667,1830.0,0.011833171677982542,0.7107791787908181
99,4360,48.5,2090.0,0.013514387326220498,0.6554477853216941
99,4390,53.5,6810.0,0.044034917555771096,2.355868089233754
99,4391,52.0,1780.0,0.011509860976398318,0.5985127707727126
99,4520,50.142857142857146,190.0,0.0012285806660200453,0.061604544824719415
99,4540,34.0,260.0,0.0016812156482379566,0.05716133204009052
99,4710,74.5,760.0,0.004914322664080181,0.3661170384739735
99,4720,69.05882352941177,1620.0,0.010475266731328807,0.7234095966223542
99,4721,66.5,420.0,0.0027158098933074684,0.18060135790494664
99,4740,69.0,7000.0,0.04526349822179114,3.1231813773035886
99,4910,69.0,650.0,0.004203039120594891,0.2900096993210475
99,4920,63.083333333333336,100.0,0.0006466214031684449,0.040791033516542737
99,4930,55.266666666666666,970.0,0.006272227610733916,0.3466451126198944
99,4990,65.84615384615384,3620.0,0.023407694794697703,1.5413066726354794
99,5110,65.0,290.0,0.00187520206918849,0.12188813449725186
99,5141,52.625,60.0,0.0003879728419010669,0.020417070805043645
99,5160,52.857142857142854,110.0,0.0007112835434852894,0.03759641586993672
99,5180,60.90909090909091,1970.0,0.012738441642418365,0.7758869000382095
99,5190,54.25,50.0,0.00032331070158422246,0.01753960556094407
99,5191,55.94444444444444,30.0,0.00019398642095053346,0.010852462549843733
99,5310,62.75,210.0,0.0013579049466537342,0.08520853540252182
99,5320,81.6,150.0,0.0009699321047526673,0.07914645974781764
99,5330,73.85714285714286,2850.0,0.01842870999030068,1.361091866426493
99,5360,60.75,260.0,0.0016812156482379566,0.10213385063045587
99,5370,47.53333333333333,1820.0,0.011768509537665697,0.5593964866903761
99,5371,55.5,1200.0,0.007759456838021339,0.4306498545101843
